country_code,year,country,current_account,remittances,inflation,govt_debt,fiscal_balance,gdp_growth,unemployment
ALB,2005,Albania,-6.921388004201018,15.620173160919803,2.366581956797953,,,5.130821930561893,15.966
ALB,2006,Albania,-7.331863746315827,14.856708869986276,2.370728319042818,,,6.018981240386395,15.626
ALB,2007,Albania,-10.351888422448653,13.20525505481578,2.932682481623228,,,6.50009261158209,15.966
ALB,2008,Albania,-15.183958165083704,14.070827519136934,3.32087090389265,,,6.907062307137068,13.06
ALB,2009,Albania,-15.017238510634478,13.92478903075591,2.266922094508307,,,2.690751523621458,13.674
ALB,2010,Albania,-11.215764368325855,13.126780127608798,3.627100915174796,,,2.9731544268124708,14.086
ALB,2011,Albania,-12.850365966177591,11.963216583923996,3.428071301415031,69.1921886031503,-3.875979462118713,2.463516839157137,13.481
ALB,2012,Albania,-10.261256893074416,11.593292325551529,2.031592683952962,64.0504160397904,-3.9303033643572736,0.984129880204108,13.376
ALB,2013,Albania,-9.259141666458978,10.016797120489224,1.937620802052232,70.4662619818776,-5.317164584324201,1.7072283175405971,15.866
ALB,2014,Albania,-10.720149657780777,10.6872215602712,1.625865044026045,72.9442880579616,-3.1279124265342184,2.240226953826422,18.055
ALB,2015,Albania,-8.542375076698196,11.254090414410364,1.896174025923657,79.2842872907886,-3.0063649606856178,2.2277040745779004,17.193
ALB,2016,Albania,-7.510116900166494,10.893696292584456,1.275431683674233,79.8771647108445,-2.5039526307858697,3.9089355136224526,15.418
ALB,2017,Albania,-7.4084932966326384,9.894372244079245,1.986661331711943,74.5233409147154,-1.4402593687909977,3.2831759333007255,13.616
ALB,2018,Albania,-6.607664811050684,9.481512832446688,2.028059630711346,63.6337689393506,-1.2512870948521613,3.6714192809890847,12.304
ALB,2019,Albania,-7.820643554735359,9.450123156537446,1.411090789542507,74.8082518103115,-1.4189987133162627,2.062577901761216,11.466
ALB,2020,Albania,-8.62504716716646,9.618418007469618,1.620886617170039,83.4542023899143,-6.041902593116107,-3.313756368889159,11.639
ALB,2021,Albania,-7.595916434320518,9.529485980248973,2.041471631395451,81.9202285649265,-0.1595861887477668,8.969576190740952,11.474
ALB,2022,Albania,-5.872435033315154,9.177170252311123,6.725202715300596,,-6.116767573060803,4.826800623435901,10.785
ALB,2023,Albania,-1.1992167505418097,8.667780189060394,4.758345551500386,,-1.404698024002289,4.01541716935742,10.669
ARM,2005,Armenia,-2.5283241456215095,18.67639742901172,0.6389280024100973,,-1.004318586421597,13.899999999113264,10.584
ARM,2006,Armenia,-2.395372897456152,18.312817614090328,2.892356624590039,,-0.3004227974220818,13.199999999466144,10.497
ARM,2007,Armenia,-7.356601337828482,17.86140864212004,4.407360896445163,,-0.5668836821735382,13.700000001546698,10.394
ARM,2008,Armenia,-14.224647936054332,16.327049178754464,8.949953353533871,,-0.5427495549891492,6.900000000429586,17.1
ARM,2009,Armenia,-16.48371164054829,16.649164050982133,3.406766826838013,,-7.600815367461249,-14.10000000069978,19.295
ARM,2010,Armenia,-13.621948298573288,18.026839162061258,8.176361384739518,,-4.967661773109419,2.2000000002150983,19.523
ARM,2011,Armenia,-10.440328193447318,17.734222648798145,7.650008078592943,,-2.7644068114691756,4.699999998674116,18.884
ARM,2012,Armenia,-9.962331642149692,18.033017871767925,2.558020077579073,,-1.304359902078081,7.200000000964863,17.511
ARM,2013,Armenia,-7.31624657065382,19.711377394197875,5.789667785446507,,-1.5679277816662438,3.299999999999997,16.576
ARM,2014,Armenia,-7.767866332401228,17.90443983837634,2.981308689336724,,-1.7705554347827663,3.6000000005899295,17.498
ARM,2015,Armenia,-2.661807055847573,14.132741427705378,3.731691192616935,,-4.7003688531513355,3.1999999989662484,18.261
ARM,2016,Armenia,-0.9565779686602256,13.107462825506229,-1.403607559008996,,-5.481541315891807,0.1999999998259909,17.617
ARM,2017,Armenia,-1.2607240201469878,13.347744638399917,0.9695532688161378,,-4.058817429073012,7.500000001641439,17.704
ARM,2018,Armenia,-7.228123023795499,11.942703408285306,2.520233820016377,,-1.8476974008727756,5.199999999653244,18.966
ARM,2019,Armenia,-7.056865730000434,11.218921077229837,1.443446607706982,50.028420686875,-0.5333703207138613,7.599999998539175,18.304
ARM,2020,Armenia,-3.99777390668492,10.497055254126495,1.211435778384646,63.4012140048923,-5.2025601293038815,-7.199999999206312,18.175
ARM,2021,Armenia,-3.3962941866584946,11.217182745210694,7.184836294433707,60.080359762005,-4.429751118520957,5.800000000656453,15.469
ARM,2022,Armenia,0.7378672805096023,10.868833517411309,8.640911089738546,46.5518225515757,-1.9767504115239456,12.599999999776628,13.451
ARM,2023,Armenia,-2.7702659412112576,6.396210986175528,1.980418776155536,48.0562986773694,-1.894531232889478,8.299999999595386,12.405
AZE,2005,Azerbaijan,1.2631911728089438,4.705286140427231,9.679507319170568,,,27.961538108213137,7.26
AZE,2006,Azerbaijan,17.670467343915032,3.766164594584503,8.328924828632097,,,34.46620962267917,6.62
AZE,2007,Azerbaijan,27.289087539852964,3.835876762186844,16.69975496182445,,,25.4632157314482,6.33
AZE,2008,Azerbaijan,33.6793638921001,3.1080589322125114,20.84908717727123,4.57653797474662,19.566387291589844,10.591437462476035,5.86
AZE,2009,Azerbaijan,22.972044312481216,2.8326399787508953,1.457048359703213,6.29501240116287,7.570467536480205,9.369502602771831,5.74
AZE,2010,Azerbaijan,28.426831351936887,2.6654976324031554,5.72687224669605,6.38557579182856,15.44636759684446,4.788832487615565,5.63
AZE,2011,Azerbaijan,25.99576656121117,2.870355925041281,7.8583333333334,,12.85626512038708,-1.5729973511110984,5.42
AZE,2012,Azerbaijan,21.49253577418954,2.856173342503338,1.066213397203028,,5.9727420689504,2.2029389170839835,5.19
AZE,2013,Azerbaijan,16.49358766923963,2.3370481521570245,2.415717452794191,,4.877453507957787,5.843415904839276,4.97
AZE,2014,Azerbaijan,13.568357403808582,2.454052718126685,1.37344181533176,,4.622793535782126,2.7975852144855935,4.91
AZE,2015,Azerbaijan,-0.4191989098565649,2.392716799735197,4.027685737427259,,-2.723611621919823,1.0495464121508462,4.96
AZE,2016,Azerbaijan,-3.600507334171835,1.6984394141119932,12.44337485843723,,2.4759380324765163,-3.0635984225170603,5.0
AZE,2017,Azerbaijan,4.122089609918138,2.7733411672031254,12.93591841873347,,1.8654891111180616,0.1536146617455074,5.0
AZE,2018,Azerbaijan,12.68237692452118,2.6018376847000946,2.268546903739991,,9.507773560405534,1.5004016716731314,4.9
AZE,2019,Azerbaijan,8.704556201875638,2.6469932465702586,2.610571827992152,,6.31860818939096,2.479808791855646,5.0
AZE,2020,Azerbaijan,-0.7408742807954465,3.286456796196098,2.759809470081272,,-5.264451673438682,-4.19896065333343,7.24
AZE,2021,Azerbaijan,14.962000399868211,2.784540874133077,6.650299127087786,,4.814005313122297,5.616440271505539,6.04
AZE,2022,Azerbaijan,29.791694651223715,5.012251973723004,13.8522590144267,,10.999227656082171,4.71468033247649,5.65
AZE,2023,Azerbaijan,11.500129620786106,2.6409697519012676,8.785430498490808,,5.7951346561800525,1.3544774911576667,5.64
BGR,2005,Bulgaria,-11.20572225050318,5.400016414106758,5.038838071119025,,1.9933113896094288,7.056348734692037,10.083
BGR,2006,Bulgaria,-17.05392699726424,4.992464212366662,7.261594627699442,,2.4772220551258015,6.802589436031738,8.951
BGR,2007,Bulgaria,-25.74090199741998,3.811625600029996,8.402534190059013,,0.0929214517014453,6.654387924226086,6.878
BGR,2008,Bulgaria,-21.797330672988583,3.5217074877996857,12.34871959940208,,1.7879928121728033,6.129558415792076,5.609
BGR,2009,Bulgaria,-8.181502316663067,3.059743021459925,2.753202239148161,,-3.6007751416291,-3.3471414973769527,6.817
BGR,2010,Bulgaria,-1.9030145044976008,2.6295816624058146,2.43899060504113,,-3.6521400559256816,1.5553597991101498,10.279
BGR,2011,Bulgaria,0.4724061923630305,2.5713535926122915,4.219903466018731,,-1.7238549325967176,2.0901750775860393,11.26
BGR,2012,Bulgaria,-0.9735703514405386,2.668432164494661,2.954568298310217,,-1.0541749611956648,0.748815411928831,12.27
BGR,2013,Bulgaria,1.2157810245538354,2.986352612121687,0.8900935409130024,,-1.1094978989506612,-0.5427513888611344,12.941
BGR,2014,Bulgaria,2.1924848163029744,3.009588303483751,-1.418183802648398,,-5.34167973812899,0.949449090947894,11.424
BGR,2015,Bulgaria,0.0183981701477746,3.0017579810588173,-0.1046332610083854,,-0.9271934231318024,3.3975533678041216,9.143
BGR,2016,Bulgaria,3.1022597912296055,3.020875606703884,-0.7986498864537102,,0.2430009053330665,3.026628412295167,7.575
BGR,2017,Bulgaria,3.2464532304564204,3.5147924445541197,2.061596194431414,,1.3899091949690157,2.7459267605486133,6.164
BGR,2018,Bulgaria,0.574532429686938,3.2106944875129058,2.814544738248287,,1.5953307108785613,2.3301521340704454,5.211
BGR,2019,Bulgaria,1.657929663635187,3.1173853779615315,3.103729447967807,,2.2810542970965564,3.7933176535415214,4.148
BGR,2020,Bulgaria,0.3631881690760857,2.816765430828573,1.672440968557562,,-4.07343578123514,-3.133233030764188,5.037
BGR,2021,Bulgaria,-1.034114369907439,2.3826124031406635,3.297744352995149,,-4.02052146509548,7.828172328221655,5.166
BGR,2022,Bulgaria,-2.6843478720356035,2.3115002945841057,15.32525892643664,,-3.1471130196338266,4.083864091512297,4.148
BGR,2023,Bulgaria,-0.875603454034738,2.2372183910042978,9.44284140088564,,-1.8899793377728975,1.681510749729043,4.319
BIH,2005,Bosnia and Herzegovina,-16.434390597453337,18.157078566960053,,,2.008016207077091,3.897183205449735,30.218
BIH,2006,Bosnia and Herzegovina,-7.758385833744839,16.70398167140144,6.125566156202847,,2.7457192845140197,5.414002996072824,31.11
BIH,2007,Bosnia and Herzegovina,-9.190427591297402,17.025545244098225,1.500777106115417,,0.9165560546845012,5.859116894125975,28.984
BIH,2008,Bosnia and Herzegovina,-13.8327998426086,14.219080168219984,7.427043103329526,,-1.6050799586835542,5.441847301659635,23.405
BIH,2009,Bosnia and Herzegovina,-6.445207029101134,12.075844255494465,-0.3814642824530569,,-4.181932426903986,-3.004455538908104,24.068
BIH,2010,Bosnia and Herzegovina,-6.0004639940390625,10.609404646769455,1.996212367458867,,-2.18914487386032,0.8656672362805438,27.312
BIH,2011,Bosnia and Herzegovina,-9.479199442253137,10.503141337143648,3.67125,45.8346943048337,-1.1435924497265897,0.9595117097268968,27.582
BIH,2012,Bosnia and Herzegovina,-8.625950202713314,10.714248927723876,2.05267452001717,49.0902635470572,-1.6123176392700649,-0.8218372529629931,28.01
BIH,2013,Bosnia and Herzegovina,-5.325858104414481,10.770535825657678,-0.0930456838317588,49.6097495570649,-2.077415103129328,2.3498587317239696,27.49
BIH,2014,Bosnia and Herzegovina,-7.350858196388208,11.353897913529424,-0.8971940541943332,53.5008592967128,-4.028258795311277,1.1538479337129814,27.517
BIH,2015,Bosnia and Herzegovina,-5.0354053593225485,10.979478844672029,-1.036023034254743,,0.3604877090351169,4.284130161378542,27.695
BIH,2016,Bosnia and Herzegovina,-4.698670884324676,10.784617736818044,-1.584100000000018,52.2381270477915,1.0629593155158812,3.2422582223156553,25.408
BIH,2017,Bosnia and Herzegovina,-4.778782165558267,11.005301922077836,0.8101333219530387,47.3715635753068,2.220903769615779,3.2440989530659436,20.527
BIH,2018,Bosnia and Herzegovina,-3.23062992301101,11.047014955927734,1.417108140180337,44.8932316799242,1.6252409024584686,3.829003993490645,18.4
BIH,2019,Bosnia and Herzegovina,-2.596918792055148,11.388053900740442,0.56278215406123,44.0235714193856,1.3915021479714698,2.8858524208397824,15.692
BIH,2020,Bosnia and Herzegovina,-2.839518363547187,9.547295984205055,-1.051296007634898,45.4216327992572,-5.1537410130555,-3.0150933546043888,15.868
BIH,2021,Bosnia and Herzegovina,-1.4725666778038111,10.467531084398647,1.98163900587622,46.9748193876917,-1.1826868342240533,7.391642564728457,14.897
BIH,2022,Bosnia and Herzegovina,-4.390735255996364,10.520878448985677,14.0208440826771,41.743510524303,0.105708401681812,4.226813333903252,12.657
BIH,2023,Bosnia and Herzegovina,-2.1351733150652548,10.233269597776376,6.1059011284828,40.310118633539,-0.9677358856327274,1.9943941485089312,10.668
BLR,2005,Belarus,1.5180357692289992,0.657396214062099,10.33887944579325,6.57022058767027,0.2248171502956179,9.40000151584914,8.759
BLR,2006,Belarus,-3.7549482432790446,0.7256121614290942,6.997129035355846,6.64440183178372,1.4685834205911663,9.99999473022963,8.066
BLR,2007,Belarus,-6.653677804730701,0.636765248499207,8.426752735053093,8.9092608163614,0.4315087104141087,8.600006598114263,7.41
BLR,2008,Belarus,-8.162021530031405,0.960131319014907,14.83787648282542,10.6566343685377,2.3726215895117373,10.199999486093716,6.728
BLR,2009,Belarus,-12.05468486107172,0.9903059441359184,12.94565634104014,18.5574619839498,0.2127680090195529,0.199995231733979,6.1
BLR,2010,Belarus,-14.46780439360857,1.0052085538565505,7.735748043125003,18.9052457267088,-1.447922920022667,7.750017075008955,6.052
BLR,2011,Belarus,-8.180545842894107,1.4419780559488355,53.2286983118174,39.416810851275,1.6697749353122102,5.549974716380774,6.024
BLR,2012,Belarus,-2.835007621206585,1.6032362398736195,59.21973602325183,24.4293134230567,0.0855708016209147,1.707852533688282,5.962
BLR,2013,Belarus,-10.01925668398966,1.6066982921281638,18.3122610377873,23.8372955552391,-0.8292642560592584,0.9987192996611612,5.942
BLR,2014,Belarus,-6.633036954789971,1.5623043408062645,18.11955435267341,24.5487262666937,0.4228909991366265,1.651124702280967,5.908
BLR,2015,Belarus,-3.2434814720440235,1.6499934417612498,13.53448976497349,37.5981780519834,2.253663552397675,-3.82957056812593,5.881
BLR,2016,Belarus,-3.3773685277359218,2.0463693412252892,11.83658076534964,38.9240984107258,1.5397845885686,-2.526446446042499,5.844
BLR,2017,Belarus,-1.740325150499023,2.291074835883731,6.031837251777853,39.8801045313301,2.3088682786089976,2.532183494719092,5.648
BLR,2018,Belarus,0.0381469405173492,2.408421248907576,4.872302205506899,37.0957369908527,4.135088924351515,3.1491975827529615,4.763
BLR,2019,Belarus,-1.9341665879177856,2.202757709855335,5.598155950398538,33.2442039424903,2.440596914172643,1.4464554820430493,4.165
BLR,2020,Belarus,-0.2906878536582694,1.6517392222723897,5.548143574565106,,-1.3071591448883522,-0.6727429185858682,4.049
BLR,2021,Belarus,3.0672484923843992,1.650493509274727,9.460283896231058,,-0.3116272663798415,2.438862102349475,3.9
BLR,2022,Belarus,3.561776638966495,2.015529331869672,15.20967527408096,,-1.6356386226973123,-4.6583959132899935,3.574
BLR,2023,Belarus,-1.407027725581945,1.739285845311422,5.000599030913127,,1.329146090040327,4.1265400715388125,3.461
GEO,2005,Georgia,-10.851155448997195,6.9569726609955795,8.247090431141581,29.2292335361289,1.5248388679017977,9.591138328530263,13.81
GEO,2006,Georgia,-15.381074316393937,8.099786579536643,9.160965083944967,23.090087672862,1.5554862616842762,9.421480811899087,13.57
GEO,2007,Georgia,-19.581931141351102,8.680540724025688,9.244897455924036,19.2040626581459,0.7626310772163966,12.575569824640452,13.28
GEO,2008,Georgia,-21.97091877745667,8.323635919198296,9.99948761552747,23.4732554299105,-1.8962091544385555,2.4216144096064056,17.87
GEO,2009,Georgia,-10.598628290109344,10.324398308838118,1.727514611379096,30.8567774936061,-7.756588457689315,-3.6507522959682177,20.71
GEO,2010,Georgia,-9.646839122396598,9.527194961521714,7.110178974860989,31.4208316402546,-4.147365569551672,6.246408653033626,20.203
GEO,2011,Georgia,-11.909823451636507,9.998354751213268,8.5429333333333,27.6972297789187,-1.126096785317445,7.934336525307799,19.632
GEO,2012,Georgia,-11.144178672705609,10.477531075748566,-0.943658853270964,28.1048141377209,-0.4337383948094777,6.578831019541951,19.653
GEO,2013,Georgia,-5.454453079679119,11.104707114900608,-0.5120584109470924,28.9477658041046,-0.8531814125883725,5.132885312093819,19.416
GEO,2014,Georgia,-9.93087844279949,11.05684767347901,3.068812103795431,30.3921568627451,-2.2136056995145323,4.090490595817428,17.439
GEO,2015,Georgia,-11.607116415078158,9.581981372768102,4.003578206950973,36.0003473428274,-1.1300219983790667,3.3510235026535327,16.506
GEO,2016,Georgia,-12.2417329389245,9.846744253544635,2.134927139391212,39.4788389461877,-1.493721445572183,3.4502151799687084,16.604
GEO,2017,Georgia,-7.951247434639027,10.890132380252991,6.035317252721169,38.8413159167876,-0.5556361877116593,5.159902616588269,13.939
GEO,2018,Georgia,-6.659352340397033,11.363124456954148,2.615244713976705,38.2238727024287,-1.7811962798078194,6.062036412677003,12.667
GEO,2019,Georgia,-5.993748490419152,12.80285896426542,4.852898216967227,44.723685798174,-1.942846800466557,5.380719265899515,11.565
GEO,2020,Georgia,-12.422285746311571,13.17641614818727,5.202464889753404,65.193315792645,-8.273514230050814,-6.2904717853839,11.734
GEO,2021,Georgia,-10.286448944019542,14.023815635964082,9.566914338247692,54.7271260127791,-5.893057110862262,10.644233658096924,11.785
GEO,2022,Georgia,-2.5818372754916563,15.424276060998457,11.89816542031976,42.9693933571232,-2.5201756793851224,10.95853213856239,11.621
GEO,2023,Georgia,-5.307688732339572,13.650407822307136,2.487760565787146,43.4063813624702,-2.016498900036941,7.832201265557259,11.549
HRV,2005,Croatia,-7.5358656050797235,4.164272242682182,3.317178244480452,,-2.5607168207272033,4.327076424679305,12.598
HRV,2006,Croatia,-7.884456104591658,3.8846541110175687,3.189825914729492,,-1.6345942726075493,5.069077708413985,11.13
HRV,2007,Croatia,-8.01574127853192,3.759132664451993,2.899282755833884,,-1.902591120840931,5.049276352481286,9.909
HRV,2008,Croatia,-10.9284028864315,3.6588333572951415,6.076968387983541,,-2.162181631213232,1.972870067238759,8.53
HRV,2009,Croatia,-6.557096326974284,3.6408427299397625,2.378528459046742,,-6.202689787741972,-6.8123121757257366,9.202
HRV,2010,Croatia,-2.518422723666153,3.8779868016485737,1.030555053335736,,-6.631290939932441,-1.3360467235497282,11.62
HRV,2011,Croatia,-1.6626320864064277,4.013478126421967,2.2727272727273,,-7.487345236676882,-0.1109067224466286,13.678
HRV,2012,Croatia,-0.3613469531743992,3.622534338905836,3.412073490813581,,-5.524487818583617,-2.237433601197708,16.046
HRV,2013,Croatia,-0.8590521892222366,4.626475509591829,2.216582064297788,,-5.507578628363308,-0.1336457365306103,17.231
HRV,2014,Croatia,0.3936465186926823,4.652800856308877,-0.2151961595762682,,-5.251419544822502,-0.5576929136145878,17.209
HRV,2015,Croatia,2.816039558205401,5.249638448336795,-0.4644990046449106,,-3.6092161288163047,2.3199869270838605,16.15
HRV,2016,Croatia,2.462782480482107,6.121583605117058,-1.125000000000021,,-1.008074714200622,3.4664611428817835,13.015
HRV,2017,Croatia,4.050585640251863,6.52687320654271,1.129372102823469,,0.5650229462152345,3.2839632164301236,11.078
HRV,2018,Croatia,1.2187976727877268,6.505874269746975,1.500125010417563,,0.0570698657147974,2.9110759340784256,8.322
HRV,2019,Croatia,2.6394411207744333,6.966094112882409,0.7718203464980194,,0.6283521505830448,3.10152683894853,6.551
HRV,2020,Croatia,-0.7947647871521759,7.237447816752564,0.1548113745621064,,-6.277981513126921,-8.310864015011887,7.389
HRV,2021,Croatia,0.807924327122545,7.222704885739072,2.554506996420408,,-2.2791046427800596,12.632219035102407,7.483
HRV,2022,Croatia,-3.680893080098085,7.523679207905612,10.7805806758686,,-0.4499132352974563,7.294453436426679,6.811
HRV,2023,Croatia,0.7427460323909016,7.096118747723755,7.9412817758683,,-1.43392425177746,3.761645407034592,6.121
JPN,2005,JPN,3.52114065640565,0.0187309824125513,-0.282946068764391,,,1.80390087215821,4.446
JPN,2006,JPN,3.79586172862875,0.0255774585995197,0.249355116079085,,,1.3723501275831,4.192
JPN,2007,JPN,4.62330048259254,0.0302184697056709,0.060039454498669,,,1.48396941157472,3.888
JPN,2008,JPN,2.78294234789654,0.0339237865439651,1.3800788616492,,,-1.22428900061713,4.002
JPN,2009,JPN,2.75409583494434,0.0301452736960296,-1.35283672951719,,,-5.69323635892741,5.068
JPN,2010,JPN,3.83547896264375,0.0292489662024517,-0.728243207517779,,,4.09791791943181,5.102
JPN,2011,JPN,2.07915328846556,0.034199885971702,-0.27245561610124,,,0.0238095237995424,4.55
JPN,2012,JPN,0.958442611412039,0.0404883720248673,-0.0440645104432602,,,1.37475099905274,4.358
JPN,2013,JPN,0.889785415808861,0.0453512003886862,0.335037912184741,,,2.00510017681211,4.038
JPN,2014,JPN,0.742322049627636,0.0762490669316556,2.75922671353253,,,0.296205514141889,3.589
JPN,2015,JPN,3.07027965906978,0.0748065192301101,0.795279630579839,,,1.56062669680782,3.385
JPN,2016,JPN,3.93809128404803,0.0765526640097879,-0.127258844489754,,,0.753826745789127,3.132
JPN,2017,JPN,4.12036966283799,0.0901069827039231,0.484199796126385,,,1.67533175173359,2.822
JPN,2018,JPN,3.51661817468288,0.0866803594795751,0.989094598021848,,,0.643391023533141,2.467
JPN,2019,JPN,3.45076611445327,0.0857508506606716,0.46877615938395,,,-0.402169200894946,2.351
JPN,2020,JPN,2.96847858242383,0.0967099102397569,-0.024995834027731,,,-4.16876457146743,2.809
JPN,2021,JPN,3.89996604353178,0.105055336492197,-0.233352779398264,,,2.69657404187188,2.808
JPN,2022,JPN,2.11637961936876,0.126874933673179,2.49770278172255,,,0.941998775483285,2.614
JPN,2023,JPN,3.72552370226115,0.111846653062437,3.26813365933163,,,1.47503481053384,2.6
KAZ,2005,Kazakhstan,0.6274626677641416,0.1085748157389156,7.579999291257668,,,9.69999999922682,8.13
KAZ,2006,Kazakhstan,-1.0156846350360589,0.1031924468319783,8.721693860917416,,,10.700000000000005,7.79
KAZ,2007,Kazakhstan,-4.546193292180565,0.1363772340084851,10.84683620755561,,,8.899999999994051,7.26
KAZ,2008,Kazakhstan,0.9648218104570973,0.0941014656535349,17.13989977720703,,,3.3000000002109147,6.63
KAZ,2009,Kazakhstan,-0.1164644858294382,0.1718874725392191,7.316078582885788,,,1.1999999994287265,6.55
KAZ,2010,Kazakhstan,1.8089714029693469,0.1523541197822523,7.400463563413968,9.52296325134078,4.649514535914964,7.300000003298138,5.77
KAZ,2011,Kazakhstan,7.303014036393102,0.0932936660895133,8.452904661768,8.80131007226425,7.903123096180038,7.400000001441882,5.39
KAZ,2012,Kazakhstan,1.2637590239452223,0.136051344243071,5.195683690350632,10.4981138465889,5.855234748128196,4.799999995282974,5.29
KAZ,2013,Kazakhstan,1.9131683279754768,0.1442755479305333,5.942838716484185,10.8406391538642,4.908530820186017,5.999999996710841,5.2
KAZ,2014,Kazakhstan,-1.2883736600424158,0.1812794452916071,6.849449770033495,12.6469696266918,3.2588744898156885,4.20000000566705,5.06
KAZ,2015,Kazakhstan,-5.4122312771503,0.1595922890819201,6.678285856152444,19.307916061599,-2.418086253147358,1.2000000005328817,4.93
KAZ,2016,Kazakhstan,-5.073315467454943,0.2798441717478798,14.36109423862478,16.7694252748762,-2.891723462167735,1.0999999991017262,4.96
KAZ,2017,Kazakhstan,-2.054297215514428,0.3359721313132502,7.442663213067925,16.9303582595661,-3.1121658351566186,4.10000000257358,4.9
KAZ,2018,Kazakhstan,-0.984581633983154,0.3446188568796962,6.163662475777566,21.9922369395187,1.3198507575673115,4.0999999930984075,4.85
KAZ,2019,Kazakhstan,-3.868422083504896,0.2785731508111932,5.333560989166748,18.4830469477519,-0.8835394016073879,4.500000000918831,4.8
KAZ,2020,Kazakhstan,-6.461820577509318,0.218836862121885,6.71815454861464,23.7157605010227,-6.67841861281125,-2.499999996279996,4.89
KAZ,2021,Kazakhstan,-1.3593567166803515,0.1572130710844164,8.04147134028391,22.4120405827369,-4.43154397559644,4.299999997294563,5.568
KAZ,2022,Kazakhstan,2.8543270077576746,0.2132198302885974,15.0278644440851,21.3547830092174,0.908082609565766,3.1999999997073445,4.86
KAZ,2023,Kazakhstan,-3.557694048134626,0.1159960734383741,14.7249900200331,20.8858497209469,-1.1446638367650117,5.099999999736411,4.835
KGZ,2005,Kyrgyz Republic,-1.5218290157201468,12.732473123738144,4.338673918443104,,,-0.1755154040442192,2.816
KGZ,2006,Kyrgyz Republic,-10.095391360093434,16.691733420910566,5.552123331625423,,,3.102898741999809,2.962
KGZ,2007,Kyrgyz Republic,-5.985953625724787,18.51391468167895,10.23010326604841,,,8.542874775076072,3.094
KGZ,2008,Kyrgyz Republic,-13.87636731818293,23.799269500934734,24.52010242341016,,,8.401616048614287,3.207
KGZ,2009,Kyrgyz Republic,-4.314237658420186,20.937124757368267,6.83656248105368,,,2.886294575377306,3.343
KGZ,2010,Kyrgyz Republic,-9.898338593552092,26.410093875891228,7.967722255796837,,,-0.471566596791618,3.503
KGZ,2011,Kyrgyz Republic,-7.697302619333635,27.56951508116532,16.63632627314951,,,5.956274296935035,3.644
KGZ,2012,Kyrgyz Republic,-15.52523259241451,30.754432552720896,2.768442365409567,,,-0.0881501998439375,3.786
KGZ,2013,Kyrgyz Republic,-13.77541898924961,31.05640922906575,6.613752023580815,,,10.915469452804544,3.881
KGZ,2014,Kyrgyz Republic,-17.424415660542905,30.032090727174783,7.534247297758903,53.8893270176244,-0.0376579135200427,4.024038630832521,4.02
KGZ,2015,Kyrgyz Republic,-15.759247841118452,25.27189460407133,6.503318389933836,72.4565575830671,-1.0468550445144524,3.8758254451243914,4.138
KGZ,2016,Kyrgyz Republic,-11.62823331074896,29.276090333423593,0.388838296895799,60.4735108680683,-3.745041265405248,4.335855921901157,4.294
KGZ,2017,Kyrgyz Republic,-6.952696226273143,32.27051726926644,3.175309863799396,60.9182286766387,-2.702781484618429,4.739937223778838,4.425
KGZ,2018,Kyrgyz Republic,-11.627556044007562,32.50556873368985,1.542661452384359,51.6567858407378,-0.2873729156480248,3.757910135571649,4.559
KGZ,2019,Kyrgyz Republic,-11.384079890883369,28.78590498509869,1.133622577188036,51.3325378370411,0.4094033288522957,4.60062565707598,5.45
KGZ,2020,Kyrgyz Republic,4.525221279337284,31.80698267218478,6.325422963380776,67.9562222931595,-2.5975011763536195,-7.1489775772795525,5.945
KGZ,2021,Kyrgyz Republic,-7.975837422816094,32.563535606405566,11.90503981851468,56.3623694600643,0.3702373494020534,5.507007626719229,5.149
KGZ,2022,Kyrgyz Republic,-42.68363396177095,26.577560638627457,13.92290931741758,47.085480540382,0.3285738665676017,8.96750520041391,4.767
KGZ,2023,Kyrgyz Republic,,18.773661768123983,10.75327704167424,40.54198900827,2.5556926814272756,9.013292833934202,3.498
MDA,2005,Moldova,-7.556361737092318,30.621653152554973,11.9591837222126,32.4251035801551,1.8036226495272496,7.500000149372596,5.633
MDA,2006,Moldova,-11.337765188273677,34.49917463815525,12.77775578303504,29.1792912365375,0.1955132502122715,4.799999836708309,4.26
MDA,2007,Moldova,-15.248207167321729,33.88323859386112,12.36716684143009,23.239565787011,-0.3368893879842785,3.0000002258552456,2.749
MDA,2008,Moldova,-16.11227609592829,31.182077672165537,12.78304726188203,18.4425161310829,-0.4058993674708369,7.8000001454152255,2.097
MDA,2009,Moldova,-8.919861436996559,24.861960498613573,-0.0627185967109436,27.6322264363496,-5.918933742014681,-6.000000263528278,3.024
MDA,2010,Moldova,-6.902795230780912,25.130242732070624,7.483850863508509,21.9325612593611,-2.1338649050059098,7.100000107058364,2.972
MDA,2011,Moldova,-10.125009457194157,21.547826803346226,7.687251033561811,19.7666739342535,-1.496768134992157,5.818166146848242,2.677
MDA,2012,Moldova,-7.390168270212887,22.808685029492068,4.546334273553021,20.3471393454785,-1.7112218933095735,-0.5897339547625791,2.189
MDA,2013,Moldova,-5.162941622851853,23.07681483988655,4.597878973631359,19.9179521587446,-1.462526575127255,9.043865607418098,1.894
MDA,2014,Moldova,-6.044400677661066,22.079345864455675,5.088785546258694,21.0660070666528,-1.3674157092826889,4.999625854076555,1.45
MDA,2015,Moldova,-5.9356213637078925,19.751035292269034,9.67624033101867,23.3135833177914,-1.6206192411675868,-0.3382356223872023,1.781
MDA,2016,Moldova,-3.613870401879835,18.384102805097253,6.359308980379309,32.2474466077299,-2.0420045544046994,4.646014362594087,1.591
MDA,2017,Moldova,-5.83735984990539,17.214635800724825,6.570229974555971,29.6674963404315,-0.7566163754115668,4.175612051062785,1.622
MDA,2018,Moldova,-10.769924785256594,16.333738652303175,3.045053973370707,27.5107781705941,-0.9248258235751282,4.075595465850341,1.239
MDA,2019,Moldova,-9.421480109494793,16.27283824623813,4.837783514287343,25.4510119081043,-1.3639645573446488,3.5523140853476036,1.502
MDA,2020,Moldova,-7.690048692172597,16.27492238441102,3.76597122245351,33.9555752157792,-5.4856545961756575,-8.275978319769493,1.206
MDA,2021,Moldova,-12.409554657796743,15.478748439119752,5.106411290028408,32.1187790600053,-1.935362910535981,13.929999788978575,0.794
MDA,2022,Moldova,-17.089447979746932,14.029415816818233,28.73729767662346,34.4860323998862,-3.132558810034664,-4.600000025532296,0.909
MDA,2023,Moldova,-11.061226453880591,12.038730028611916,13.41701043812994,34.261803395941,-5.023652493794202,1.2000000493378025,1.57
MKD,2005,North Macedonia,-2.545334909746624,3.62011272498295,0.5255159507142821,,2.3223847377345215,4.724088642019737,37.32
MKD,2006,North Macedonia,-0.416080626106531,3.884967005246049,3.213629296063463,,-0.1441416964221717,5.13702516153505,36.392
MKD,2007,North Macedonia,-7.266232404890137,4.138562462998106,2.251757983054569,,0.2523327511672374,6.4734868575234685,35.231
MKD,2008,North Macedonia,-12.470753660364249,4.103373524558687,8.33189666968095,,-0.964593024657138,5.4720013901559525,33.93
MKD,2009,North Macedonia,-6.483540768153409,4.054076072084627,-0.7396339630611529,,-2.684855121050017,-0.3586148569796705,32.351
MKD,2010,North Macedonia,-2.1079125444793587,4.123781580933405,1.509975220276214,,-2.5310087446489336,3.358750857738116,33.135
MKD,2011,North Macedonia,-2.4936755194588427,4.13663540983114,3.9047542206973,,-2.6416134911436364,2.339886045203315,31.502
MKD,2012,North Macedonia,-3.274784237188936,4.0445665010196,3.316055666876469,,-3.932693811696089,-0.4561832236079368,31.096
MKD,2013,North Macedonia,-1.637640338821678,3.476414906504735,2.785000567261184,,-3.95433714890285,2.9252576645048407,29.017
MKD,2014,North Macedonia,-0.4817131371576827,3.3739161907549433,-0.281705032928494,,-4.33408117604917,3.6291235127637265,28.215
MKD,2015,North Macedonia,-1.7122269453035497,3.2480595618657753,-0.2999204756315524,,-3.566383176433123,3.8558651404173783,26.395
MKD,2016,North Macedonia,-2.6638992194031097,2.9635812584669763,-0.23929078768441,,-2.7729816760396435,2.8482051936330635,24.312
MKD,2017,North Macedonia,-0.5862946961973471,3.0506485888404185,1.351618896774421,,-2.772631932063432,1.081772738132429,22.857
MKD,2018,North Macedonia,0.1432733987798836,2.989733474460303,1.458312985071173,,-1.7550439339787374,2.880596709642674,21.208
MKD,2019,North Macedonia,-2.9864891049782236,2.8130696589450586,0.7664395734597165,,-1.9662453979670356,3.910419538401726,17.414
MKD,2020,North Macedonia,-2.915965376626118,3.802947538111766,1.200073488884866,,-8.01695527133636,-4.688450009566523,16.575
MKD,2021,North Macedonia,-2.6774422353863634,3.497385174828872,3.230749121329191,,-5.304738534090987,4.510679490382216,15.801
MKD,2022,North Macedonia,-6.236991710366034,3.2769542452867393,14.20471731958329,,-4.270862427152107,2.7588841533296744,14.476
MKD,2023,North Macedonia,0.3175850464683752,2.9167769810412993,9.361872497690156,,-4.583666336177929,2.5549652534029974,13.174
MNE,2005,Montenegro,,,,,,4.180604508854714,30.31
MNE,2006,Montenegro,,,2.924512581236478,,,8.566418029642037,24.815
MNE,2007,Montenegro,-39.80709367098741,5.340669690128606,4.347122156561121,,,7.137550164596362,19.4
MNE,2008,Montenegro,-49.699855587792726,6.564926530545979,8.758727695887984,,,6.898600308602184,17.15
MNE,2009,Montenegro,-27.797291333963997,7.318160027452941,3.466723732077934,,,-5.994448625387534,19.09
MNE,2010,Montenegro,-20.596349727638884,10.054955440808005,0.6549465701484787,,,2.775597825478357,19.649
MNE,2011,Montenegro,-14.748470866131042,11.306709084907707,3.4501431124869,,,3.409788124971925,19.759
MNE,2012,Montenegro,-15.684899993284091,12.46370768095085,4.145247249811187,,,-2.487328829653535,19.808
MNE,2013,Montenegro,-11.5654007351017,12.331442435370157,2.205892681411779,,,3.3861254854024736,19.585
MNE,2014,Montenegro,-12.45597799242943,11.864569960399216,-0.7105140517102266,,,2.3703089246451583,18.054
MNE,2015,Montenegro,-11.04839131946055,11.711493505608424,1.548691582224855,,,2.5230633397557085,17.555
MNE,2016,Montenegro,-16.236197116133436,11.034940068062667,-0.2713850233851755,,,3.439305621099905,17.732
MNE,2017,Montenegro,-15.849639411655891,10.886791190071616,2.380235990531304,,,3.216685047362745,16.082
MNE,2018,Montenegro,-17.355982980813025,10.838529480764072,2.611223782637997,,,4.732921134339648,15.19
MNE,2019,Montenegro,-14.510034624192253,10.655931160744013,0.3615637045407673,,,4.393915658215278,15.128
MNE,2020,Montenegro,-26.1883887454021,12.71714049505881,-0.2556556998485512,,,-14.99261870235334,17.878
MNE,2021,Montenegro,-9.29305953253537,13.603150160164448,2.410801984031652,,,13.046260742635909,16.543
MNE,2022,Montenegro,-13.083187640946628,13.27974105172145,13.04030363470036,,,7.739546895162008,14.851
MNE,2023,Montenegro,-11.139216321006156,10.530086311036245,8.584769104554026,,,6.478362835185635,13.146
MNG,2005,MNG,3.46785355038079,7.01210601990436,12.7165674066053,,,7.25366543796015,7.015
MNG,2006,MNG,10.900689191107,4.54567633520099,5.09516661663157,,,8.55623481664365,7.193
MNG,2007,MNG,4.05637184446513,4.2037712502324,9.63096309630964,,,10.2480163590057,7.2
MNG,2008,MNG,-12.2837567825614,3.99407070425828,27.9556650246306,,,8.90036794067551,5.565
MNG,2009,MNG,-7.45624740801022,4.35482570972523,7.6195059351941,,,-1.26859893608282,5.86
MNG,2010,MNG,-12.3162160595433,3.70322313329864,10.0462065881651,,,6.3651616786311,6.549
MNG,2011,MNG,-43.34551932851,2.39815062443905,8.41121495327101,,,17.2907775869555,4.769
MNG,2012,MNG,-43.7712346792978,2.63436473976603,14.3303348325838,,,12.3198198494032,3.905
MNG,2013,MNG,-37.6076656283991,2.043651376089,10.4906567588241,,,11.6489161878925,4.231
MNG,2014,MNG,-15.8208781709903,2.08662757904284,12.2539808129759,,,7.88522548204762,4.798
MNG,2015,MNG,-8.16234225533352,2.24538022008169,5.73568281938327,,,2.37983580731722,4.861
MNG,2016,MNG,-6.25748206242188,2.3241947000485,0.733272227314397,,,1.48978448679577,7.235
MNG,2017,MNG,-10.0640976839598,2.38105237776487,4.30143105302342,,,5.63687638694772,6.359
MNG,2018,MNG,-14.4368935873351,3.34307917505255,6.82424790145522,65.9653147370968,,7.74488062024881,5.377
MNG,2019,MNG,-15.2163324376399,3.9484460422474,7.30106953550729,60.8440397174621,,5.60224422064255,9.024
MNG,2020,MNG,-5.06732429872456,4.12254263505693,3.7237230614026,73.9367835152858,,-4.55775197583431,6.413
MNG,2021,MNG,-13.7928750935516,3.08222219088585,7.35894657888155,67.5710143237735,,1.63676957736662,7.871
MNG,2022,MNG,-13.4342448059604,2.32831928767738,15.1509728200805,,,5.0327096366527,5.954
MNG,2023,MNG,0.596631968292985,2.23995468059518,10.347583131434,,,7.4221127615025,5.178
POL,2005,Poland,-3.304886928428973,2.3723133747041407,2.183798723902579,,-3.80658073700308,3.260822746792158,17.592
POL,2006,Poland,-4.649063356049843,2.764690807406545,1.284693943664082,,-3.262140444858507,6.2021071093437286,13.794
POL,2007,Poland,-6.683962898194934,2.786729883221375,2.458743123854023,,-1.872661695097652,6.760447852762596,9.551
POL,2008,Poland,-6.7464877431283945,2.300359083522484,4.164971935247636,,-3.397578615937924,4.3837706927460545,7.069
POL,2009,Poland,-3.945188576986488,2.3166698933735765,3.795392424834055,,-6.157261617104425,2.6151285929168324,8.131
POL,2010,Poland,-5.166575840183123,1.613012423265009,2.580693702505425,,-6.142614365483994,3.168927482580358,9.578
POL,2011,Poland,-5.110556874038883,1.4716342599916237,4.2394014962594,,-4.112383187280801,5.25546256612796,9.576
POL,2012,Poland,-4.111824856340792,1.4134335211392628,3.560371517027829,,-3.4378964420844733,1.51178167644575,10.031
POL,2013,Poland,-1.9815514380547183,1.4390756791560222,0.9919826063324276,,-4.023829993014884,0.6842406070518052,10.293
POL,2014,Poland,-2.9728803266313295,1.377518786330134,0.0538213132399801,,-3.367862190347828,3.920508623900318,8.971
POL,2015,Poland,-1.325475556542902,1.423797804332977,-0.8741258741257699,,-2.532527172291226,4.431767002644776,7.475
POL,2016,Poland,-1.0687580709035245,1.4290254712377488,-0.6647673314339609,,-2.6507695770541706,3.03117767594847,6.141
POL,2017,Poland,-1.186319824618767,1.382588755398866,2.075935536738496,,-1.5858087494416169,5.1524577332590695,4.867
POL,2018,Poland,-1.965972406879116,1.2786388545339538,1.812951565426793,,0.0711030565932835,6.245858472394204,3.835
POL,2019,Poland,-0.2729457937127716,1.246922577356522,2.227478809383004,,-0.5256427487619542,4.58045817256199,3.267
POL,2020,Poland,2.398359221640969,1.2275664664578534,3.374469726185887,,-7.027947331022904,-2.0355688239997676,3.155
POL,2021,Poland,-1.3015652158016215,1.1505140017938749,5.055027047192717,,-2.303009034693735,6.9271826605250055,3.268
POL,2022,Poland,-2.2745586645427096,1.0873948766654693,14.42945075757576,,-3.0056919876807973,5.255456973860362,2.811
POL,2023,Poland,1.5368307784504611,1.05114006470983,11.52891279611048,,-4.541363299108651,0.2496108340178722,2.743
ROU,2005,Romania,-8.674632054399412,0.9667252356129116,9.014912833438348,,-0.7834431829392471,4.6681480508487,7.174
ROU,2006,Romania,-10.666103691840544,0.9510151022400384,6.558514122769834,,-2.1455958147125735,8.028811075991626,7.27
ROU,2007,Romania,-13.70323260421038,0.9303475199009614,4.837329283139891,,-2.5312016154436865,7.233807743628049,6.413
ROU,2008,Romania,-11.658522565436945,0.7943113706887235,7.850802557144816,,-4.413729916414644,9.307467170773378,5.787
ROU,2009,Romania,-4.729256932614622,0.3919713992761111,5.587420042643928,,-8.811918038060753,-5.516706158430111,6.859
ROU,2010,Romania,-4.985436879172786,0.3771434824579791,6.09141668601891,,-6.999347762733661,-3.905811573029723,6.959
ROU,2011,Romania,-4.815883019869228,0.3603478606251004,5.7892532881588,,-4.97420964349877,4.495589099463132,7.177
ROU,2012,Romania,-4.57804292376289,0.4093510358599845,3.334922676934421,,-3.3943820067361576,1.9036169679960295,6.794
ROU,2013,Romania,-1.1374670999794054,2.532037728804857,3.984712355481296,,-2.3929047518024675,0.2787718774702341,7.096
ROU,2014,Romania,-0.3414644080537057,2.545295266376696,1.068309876842982,,-1.7047413309812305,4.116001092678317,6.802
ROU,2015,Romania,-0.6374916373234985,3.0308418000579396,-0.5941564374952033,,-1.2686432897349036,3.157036054385401,6.812
ROU,2016,Romania,-2.103248858832627,3.2002634393119567,-1.544796668138967,,-2.7434917755475756,2.8599325230208876,5.901
ROU,2017,Romania,-3.1941571215988307,3.119552942452308,1.339021211043902,,-2.7116770073434107,8.195478266412607,4.927
ROU,2018,Romania,-4.607487287417963,2.8884341372655373,4.625484431377785,,-2.778051752207546,5.3945222818567515,4.187
ROU,2019,Romania,-4.869778871409148,3.2557642866172283,3.827854325994376,,-4.180012853100534,3.960289584975982,3.912
ROU,2020,Romania,-5.140438475678154,3.042685175472596,2.631073111847428,,-9.007402524155722,-3.598025460347571,5.035
ROU,2021,Romania,-7.214350332479611,3.197717398426935,5.05232876096582,,-7.419195399992276,5.5873507253886885,5.59
ROU,2022,Romania,-9.252978760692072,2.973501725997859,13.79548874325208,,-6.469611608511873,4.1877130510410865,5.614
ROU,2023,Romania,-7.033774438911319,2.86550550052392,10.39718747649958,,,2.257734165551213,5.589
RUS,2005,Russian Federation,11.045416971519176,0.4498021139979433,12.68530395073494,16.6608684477983,9.88306837983567,6.399965447994688,7.124
RUS,2006,Russian Federation,9.325444913999942,0.3859234497555189,9.668654547892643,9.89107286046746,8.026094428994107,8.200068254563206,7.055
RUS,2007,Russian Federation,5.554576193358945,0.3590303540197743,9.00729868861079,7.15843011658404,6.186026563352269,8.499977769165113,6.002
RUS,2008,Russian Federation,6.257971611574792,0.3454241326483203,14.11076778404423,6.49528743788997,5.619857246106327,5.199969264049571,6.205
RUS,2009,Russian Federation,4.120869337369459,0.4175419882214014,11.64732957641177,8.69786633503919,-5.2330470324102585,-7.79999391271275,8.301
RUS,2010,Russian Federation,4.423336653509901,0.3442824088415211,6.849392302550247,9.09810564473106,-1.8698494440740123,4.499999999206722,7.407
RUS,2011,Russian Federation,4.754526525424261,0.2983138043634927,8.4404648593257,8.64108194430582,3.056692284659148,4.300029185677488,6.571
RUS,2012,Russian Federation,3.2279309005275656,0.2620906079191787,5.07474300799149,8.55140859340356,2.299738339055025,4.024086157469213,5.484
RUS,2013,Russian Federation,1.45817388483059,0.2944775621616837,6.754668339034861,9.06725564048848,0.8533178417141988,1.75542214874298,5.513
RUS,2014,Russian Federation,2.792909791751639,0.3776409741411869,7.820169700138449,11.2004612830571,-0.922756553840314,0.7362672217656723,5.212
RUS,2015,Russian Federation,4.970888573751255,0.506305846173427,15.53439599357014,13.5407657719462,-2.269699683706555,-1.9727192258040844,5.615
RUS,2016,Russian Federation,1.9164373102135268,0.5238675989435514,7.042437254137072,14.2417395793548,-2.2257227320562367,0.1936900712605336,5.591
RUS,2017,Russian Federation,2.0441267361575273,0.5231230687029633,3.683330723344951,16.3253741158845,-1.5525449897216124,1.825790064018335,5.238
RUS,2018,Russian Federation,6.979898729351349,0.5603758378371526,2.878313826149806,16.1685789853238,2.9993192870904286,2.8072454105960105,4.871
RUS,2019,Russian Federation,3.876124769730485,0.6161707848145076,4.472026318379035,17.2760484379376,2.253036859434915,2.198075713350093,4.513
RUS,2020,Russian Federation,2.3691153365724573,0.6640633632515899,3.382197969480676,22.992021036968,-1.7556031548021005,-2.653654501027731,5.62
RUS,2021,Russian Federation,6.831070259958234,0.5273884779920606,6.694458919576123,21.0287512612177,1.2154284732029794,5.866491772925954,4.749
RUS,2022,Russian Federation,10.37412785199807,0.1416108326598613,13.74367973982316,19.2884758032917,1.4554667789577969,-1.4358821385984155,3.867
RUS,2023,Russian Federation,2.3845673899487156,0.1263066748203834,5.865719317489674,18.5032227571465,3.3214267083512485,4.082524812592808,3.076
SRB,2005,Serbia,,,16.11998064828263,,,5.903496229354886,20.85
SRB,2006,Serbia,,,11.72402299808338,,,3.900666446209925,20.85
SRB,2007,Serbia,-16.761729410728567,8.385767012943377,6.391706443914125,,-0.8084455953178032,7.832070230276017,18.06
SRB,2008,Serbia,-19.43392641159552,6.539006735395294,12.41098677517796,,-1.5227736566257375,5.1608932723182335,13.67
SRB,2009,Serbia,-5.961840932509464,9.902638202604514,8.116950922380816,,-2.3843562136436813,-3.1426107541657444,16.116
SRB,2010,Serbia,-6.183858473365371,9.45743060186176,6.142553602472484,,-3.4105641862779805,1.6109728144941189,19.204
SRB,2011,Serbia,-9.928026019451144,7.7285568411336465,11.1373976342129,,-3.779034871939314,0.0542724836581953,22.959
SRB,2012,Serbia,-10.4794350040675,7.862966792166596,7.330385895966456,,-5.5007531093087785,-0.4439560709832477,24.0
SRB,2013,Serbia,-5.537886978655758,7.976914202642367,7.694263628966555,,-4.1935774897483835,0.4515788053307261,22.154
SRB,2014,Serbia,-5.364396582615372,7.525365109036468,2.082447938801538,,-4.458071571576078,-1.8042704168113204,19.223
SRB,2015,Serbia,-3.3178196033698453,8.161372474056613,1.392358220001869,,-2.7835438969487054,1.2957386351958036,17.66
SRB,2016,Serbia,-2.818257101292992,7.591081323720822,1.12231397417769,,-0.8823103262254759,2.9751980716082613,15.257
SRB,2017,Serbia,-5.052399482916263,7.808153020666728,3.131062485901151,,0.7648943285961723,2.3634031250552994,13.477
SRB,2018,Serbia,-4.658472868411613,8.421700519599197,1.959840762938007,,0.6139103803412175,4.649350354910069,12.733
SRB,2019,Serbia,-6.563315260882437,7.867724872242679,1.849229845110863,,0.1953376928161315,4.750207938990144,10.395
SRB,2020,Serbia,-3.895860019435446,6.923650399422663,1.575532900834149,,-7.026105178153315,-0.9500239918515944,9.011
SRB,2021,Serbia,-4.0120839428330495,6.949436728672673,4.085102853351022,,-7.962194002029189,7.949056504722776,9.843
SRB,2022,Serbia,-6.6711691447389505,8.537933279864648,11.98151173447029,,-3.0568717193304766,2.7034770554365366,8.439
SRB,2023,Serbia,-2.3936439200330915,7.0960644346216,12.37190435525192,,,3.747933035617706,8.268
TJK,2005,Tajikistan,-12.80987763852297,24.407034037868563,7.091932440837731,,,6.699998516554089,3.45
TJK,2006,Tajikistan,-13.158411827309305,34.48037078896792,10.01086518864611,,,7.000003211089961,3.65
TJK,2007,Tajikistan,-32.09625939390503,40.69600685372085,13.1491247062982,,,7.800000118721613,2.874
TJK,2008,Tajikistan,-20.513854908672887,44.12653826363261,20.47052191099642,,,7.899998271549393,4.942
TJK,2009,Tajikistan,-14.408531865659976,31.443831351233193,6.448234810666968,,,3.9000011482649626,7.028
TJK,2010,Tajikistan,-10.29875658431479,35.81043651098154,6.445314407806583,,,6.499999085852352,7.037
TJK,2011,Tajikistan,-6.336558673443415,41.737952647059174,12.4315490430406,,,7.400000599567093,7.04
TJK,2012,Tajikistan,-8.926954867051075,42.215839455542095,5.831166010314624,,,7.4999994632152465,7.022
TJK,2013,Tajikistan,-10.472882149375774,43.76835749077985,5.00964645344951,,,7.39999974700379,7.019
TJK,2014,Tajikistan,-3.4727122791737433,37.135978402486295,6.104427651296671,,,6.7000006901625255,7.024
TJK,2015,Tajikistan,-5.767738651495079,27.30655780919599,5.714559496497104,,,6.019303317711859,7.033
TJK,2016,Tajikistan,-5.232351462969223,26.706057139520045,6.004580823221391,,,6.8999999999999915,7.036
TJK,2017,Tajikistan,2.109352618937977,29.68497215624028,,,,7.100000418643091,7.035
TJK,2018,Tajikistan,-4.889665061863541,28.117714497870168,,,,7.5999988895536035,7.028
TJK,2019,Tajikistan,-2.232249185105846,27.97177189396775,,,,7.40000016310556,7.026
TJK,2020,Tajikistan,4.349180926276493,26.8848943162433,,,,4.400001115534934,7.576
TJK,2021,Tajikistan,8.229378666064369,32.68937947850954,,,-1.6270097639110257,9.399999550375227,7.687
TJK,2022,Tajikistan,15.257363425392084,49.89531245370589,,,-0.3960202611741073,8.000000338463636,7.051
TJK,2023,Tajikistan,4.769800543770072,37.84457819463422,,,-1.0177128056320803,8.299999216519353,7.037
TKM,2005,Turkmenistan,,,,,,13.034034870021998,7.495
TKM,2006,Turkmenistan,,,,,,10.973308325401703,6.601
TKM,2007,Turkmenistan,,,,,,11.059299470450014,5.719
TKM,2008,Turkmenistan,,,,,,14.700000000000005,4.852
TKM,2009,Turkmenistan,,,,,,6.100000114856428,4.0
TKM,2010,Turkmenistan,,,,,,9.199999988054827,4.0
TKM,2011,Turkmenistan,,,,,,14.69999992787234,4.003
TKM,2012,Turkmenistan,,,,,,11.099999961554488,3.994
TKM,2013,Turkmenistan,,,,,,10.200000101398984,3.993
TKM,2014,Turkmenistan,,,,,,10.299999970545912,4.005
TKM,2015,Turkmenistan,,,,,,6.49999990951666,4.016
TKM,2016,Turkmenistan,,,,,,6.199999966430099,4.026
TKM,2017,Turkmenistan,,,,,,6.500000046829754,4.035
TKM,2018,Turkmenistan,,,,,,6.199999941371189,4.036
TKM,2019,Turkmenistan,,,,,,6.300000042267115,4.035
TKM,2020,Turkmenistan,,,,,,5.900000048525996,4.489
TKM,2021,Turkmenistan,,,,,,6.200000017470757,4.458
TKM,2022,Turkmenistan,,,,,,6.199999936216983,4.017
TKM,2023,Turkmenistan,,,,,,6.3001575854987095,4.007
TUR,2005,Turkiye,-4.127368383273712,0.2691248783755213,8.179160368020023,,,9.111577458616352,10.636
TUR,2006,Turkiye,-5.567942676127903,0.3275155293415842,9.597242122884325,,,7.067626076239392,10.227
TUR,2007,Turkiye,-5.391778220479685,0.3058833743876311,8.756180909726387,,,5.108185139036038,10.285
TUR,2008,Turkiye,-5.084496944916503,0.314540862594515,10.44412837648851,41.03188129671,-1.8209981476952368,0.9201182213658824,10.965
TUR,2009,Turkiye,-1.7369775812238817,0.2804734005955801,6.250976630906265,48.4871401224526,-5.069611704059962,-4.882694017066328,14.026
TUR,2010,Turkiye,-5.702542616694915,0.2324464990424212,8.56644420552976,45.1797411845197,-2.737061778812527,8.54219848467686,11.879
TUR,2011,Turkiye,-8.81351105932507,0.2230533893083492,6.471879671151,39.969342535799,-0.726181222054295,10.979962527359843,9.789
TUR,2012,Turkiye,-4.720964187581185,0.2124637198976028,8.891569965121626,37.6997174661117,-0.1277307974037878,4.807626966334482,9.21
TUR,2013,Turkiye,-5.126861241768721,0.19757471711574,7.493090305476931,31.7836465290005,0.2795090021561504,8.488256892985106,9.713
TUR,2014,Turkiye,-3.407462599307541,0.1845399395887827,8.85457271364324,31.1206735024546,0.2693611883729571,4.600794472705587,9.901
TUR,2015,Turkiye,-2.467358254506579,0.1618792223734999,7.670853648458768,29.1451452655038,0.3760915612295069,5.805573866286835,10.304
TUR,2016,Turkiye,-2.5455375944862944,0.1379163013027491,7.775134153283301,30.0752014180837,-0.974999415125652,3.323665082004453,10.899
TUR,2017,Turkiye,-4.068299167311187,0.1222399749802422,11.14431108407649,29.5734179689365,-2.602450676825532,7.825857300025945,10.919
TUR,2018,Turkiye,-1.852333430605566,0.1454924635283561,16.33246389889283,29.3999927097041,-2.2051109353811387,3.468153060922191,10.956
TUR,2019,Turkiye,1.9351600379274985,0.1103301580169134,15.17682157200223,33.4600744646841,-3.9244552378748234,1.3016236546450273,13.73
TUR,2020,Turkiye,-4.22230197946184,0.1112279963597902,12.27895744625741,41.0396523800978,-4.466346185641076,1.803062470872547,13.148
TUR,2021,Turkiye,-0.7406493159242302,0.0864348823920577,19.59649269133236,41.637512472512,-1.266473656290946,11.811094450607,11.969
TUR,2022,Turkiye,-4.9976380622735554,0.0751540758235722,72.30883598912071,35.3300843747051,-2.957177375181053,5.441225113224007,10.465
TUR,2023,Turkiye,-3.494172996382256,0.0901648572680327,53.85940875933153,33.2548360241526,-4.298652923615075,5.045123698122893,9.388
UKR,2005,Ukraine,2.8395699526594873,2.6983758666156454,13.56957649092478,,-1.3161974525774889,3.071230392452094,7.18
UKR,2006,Ukraine,-1.4470246965583398,2.772495743498437,9.05252491133248,,-0.9952780265407474,7.571420763229668,6.81
UKR,2007,Ukraine,-3.5304670712256327,3.5566884035009703,12.83877961901812,,-0.8540871727825367,8.215844451657148,6.351
UKR,2008,Ukraine,-6.794414681288913,3.60532981523366,25.22646170738403,13.2299542095983,-1.4036342661979635,2.2434915962828796,6.363
UKR,2009,Ukraine,-1.4281935373510362,4.887613943204209,15.88119245944761,23.9900342329063,-5.405937645848864,-15.13646791015016,8.84
UKR,2010,Ukraine,-2.135838622148253,4.627886404422689,9.37293105078978,28.8666366228354,-6.301137352365059,4.092004366680868,8.1
UKR,2011,Ukraine,-6.043092325771692,4.619277648019756,7.955724662746522,26.4808201734686,-2.2372732137642326,5.4452808104847605,7.851
UKR,2012,Ukraine,-7.850847422993415,4.627262635289248,0.5687279718038623,32.445911715199,-3.914966527219593,0.1523149672006525,7.529
UKR,2013,Ukraine,-8.670920240080333,5.074572342950513,-0.2389486260454066,35.6313995863809,-4.167602395680708,0.045439094492707,7.17
UKR,2014,Ukraine,-3.4425967845788845,5.508454472104681,12.0718562874251,63.6653191884884,-4.833623729059212,-10.078894984095273,9.27
UKR,2015,Ukraine,5.531084775091726,9.30892003656947,48.69986464344236,70.2588376218982,-1.493363988928583,-9.772987212867603,9.14
UKR,2016,Ukraine,-1.9988030874913587,10.14612156737307,13.91271019977966,71.8095454494004,-2.576484037885994,2.440981944920665,9.35
UKR,2017,Ukraine,-3.0983891075050645,10.823396674993218,14.43832274887494,66.7346465062875,-1.3925172420617418,2.35997228099491,9.5
UKR,2018,Ukraine,-4.9140091077667005,11.226127150112546,10.95185593531784,56.9059506749708,-1.7086006799423197,3.488362340226587,8.799
UKR,2019,Ukraine,-2.679957322617582,10.259739624026764,7.886717456111332,48.3272696003568,-1.7193184749665469,3.199503863541338,8.194
UKR,2020,Ukraine,3.3629655266926353,9.713460140037034,2.732492094194272,58.7161850732326,-5.226611584106777,-3.752817939831615,9.475
UKR,2021,Ukraine,-1.943274996207013,9.040583830885794,9.363139176952233,,-3.533603664309908,3.4456206594594363,9.834
UKR,2022,Ukraine,4.9237752939142,10.360546734925029,20.1836366617478,,-16.991632554664776,-28.758584215508492,
UKR,2023,Ukraine,-5.277518979245654,8.258953007357768,12.84902228285588,,-19.57390968353616,5.534733549633344,
USA,2005,USA,-5.74598170416952,0.0367737307255354,3.3927468454955,56.6929754702153,,3.48354993555606,5.084
USA,2006,USA,-5.91101922107059,0.0366832044058299,3.22594410070404,55.6206336286886,,2.78453963650701,4.623
USA,2007,USA,-5.08872774231253,0.0360571934808977,2.85267248150138,55.81423486742,,2.00385829784946,4.622
USA,2008,USA,-4.71586121002055,0.0363172078724272,3.839100296651,63.9719356606883,,0.113587249881704,5.784
USA,2009,USA,-2.62283669627863,0.0396461821808818,-0.355546266299747,76.0321911124259,,-2.57650022958367,9.254
USA,2010,USA,-2.87064270506825,0.0394047047028826,1.6400434423899,85.1548294082739,,2.69519257744442,9.633
USA,2011,USA,-2.91862137859132,0.0391288870669506,3.156841568622,89.7347177439651,,1.56440685763506,8.949
USA,2012,USA,-2.57236812074952,0.0387782131703568,2.06933726526067,93.8330014607143,,2.28911338669843,8.069
USA,2013,USA,-2.01538414033942,0.0392621564568635,1.46483265562717,95.7184835504169,,2.11783009790057,7.375
USA,2014,USA,-2.10805505161045,0.0370526950267928,1.62222297740817,95.9491132711014,,2.52381981363968,6.168
USA,2015,USA,-2.2434721228246,0.0361309046802651,0.118627135552451,96.6110565851958,,2.94555045484053,5.28
USA,2016,USA,-2.11937229657855,0.0338591199244413,1.26158320570536,98.6931939368279,,1.81945147788167,4.869
USA,2017,USA,-1.88739358215214,0.0325865910055647,2.13011000365961,97.8800564031882,,2.45762229852507,4.355
USA,2018,USA,-2.13796218132331,0.0338040258424814,2.44258329692817,99.2223695206525,,2.96650506901305,3.896
USA,2019,USA,-2.06708055581828,0.0329685602788545,1.81221007526021,100.979786328903,,2.58382533412825,3.669
USA,2020,USA,-2.81809426941685,0.0324161750844288,1.23358439630629,126.370405951231,,-2.16302914036166,8.055
USA,2021,USA,-3.68274086718403,0.0304223696836328,4.69785886363742,120.367733355153,,6.05505293244555,5.349
USA,2022,USA,-3.87872626619871,0.0299279250881351,8.00279982052121,114.694842004206,,2.51237531986017,3.65
USA,2023,USA,-3.40030482379486,0.0307780574276945,4.11633838374488,116.918808847311,,2.88755600749487,3.638
UZB,2005,Uzbekistan,8.02147599172506,7.171936526219236,,,,6.950007195690972,7.092
UZB,2006,Uzbekistan,9.98278095339074,8.180185407437003,,,,7.451418476217683,6.035
UZB,2007,Uzbekistan,8.10827572787101,7.648886860118179,,,,9.473005305445398,4.99
UZB,2008,Uzbekistan,10.775516002094992,12.284358798573686,,,,9.02916101784777,4.89
UZB,2009,Uzbekistan,5.227677289404829,6.465248820833958,,,,8.050933327339663,5.04
UZB,2010,Uzbekistan,4.578738377002941,6.903109339252548,,,,7.597167961001603,5.36
UZB,2011,Uzbekistan,4.6253855092930705,8.154717451665112,13.7797446476602,,7.05065387303117,7.525139894229767,4.96
UZB,2012,Uzbekistan,1.7906321175942188,9.016899359971584,13.2088026688373,,8.788172273574963,7.102444887063172,4.87
UZB,2013,Uzbekistan,1.7979824922414709,8.802311469420621,11.84143336220487,,4.4079801358301784,7.296550369698991,4.86
UZB,2014,Uzbekistan,2.567776597988848,8.428825283397483,9.283093561626954,,3.8686908036959298,6.8738384408163995,5.09
UZB,2015,Uzbekistan,1.0391286715767074,5.618781435448133,8.751881967375075,,2.624714992526006,7.218773508208031,5.15
UZB,2016,Uzbekistan,0.2475511149178801,6.727625417763421,8.130886695235997,,3.4815868106713483,5.932150799932927,5.16
UZB,2017,Uzbekistan,2.1202521056977206,10.22930003226957,13.87574254416354,,1.2362659358287758,4.395274633492633,5.83
UZB,2018,Uzbekistan,-6.121664339697936,12.964472492243914,17.52417965140548,,2.4397818713753563,5.559195729192879,5.392
UZB,2019,Uzbekistan,-5.009722244144634,12.699794213550014,14.52573595606866,,0.4472524560879237,6.7799239965523554,4.936
UZB,2020,Uzbekistan,-4.557098019179724,10.661314975789598,12.86772973626065,,-1.7147533376735338,1.5633427726051536,5.293
UZB,2021,Uzbekistan,-6.3324637229944205,11.994877144838524,10.8492397508122,,-4.188249476291559,8.034683126400495,5.364
UZB,2022,Uzbekistan,-3.1590592802603124,17.217341820771477,11.44664369988359,,-3.5567109032865125,6.001342322034418,4.456
UZB,2023,Uzbekistan,-7.596995177748825,13.804193675086111,9.956590712580178,,-4.274945246990981,6.291416350823113,4.434
XKX,2005,Kosovo,,,-1.385189131592993,,,,
XKX,2006,Kosovo,,,0.6216469386017279,,,,
XKX,2007,Kosovo,,,4.358496953283691,,,,
XKX,2008,Kosovo,-13.08283945026422,22.27864984715765,9.35041764658178,,,,
XKX,2009,Kosovo,-10.414646210352156,21.055308146617424,-2.410264016612286,,,5.034854138398927,
XKX,2010,Kosovo,-12.678040368276772,18.83771610838301,3.480507637358424,,,4.939950959613952,
XKX,2011,Kosovo,-13.332095573388749,15.664414940881462,7.3364177131527,,,6.3198102289676115,
XKX,2012,Kosovo,-6.160590381704072,15.342190522741475,2.476737821565329,,,1.7121959589054825,
XKX,2013,Kosovo,-3.580592181695383,15.71409865056089,1.767324283548916,,,5.3407991190027815,
XKX,2014,Kosovo,-7.090517279777641,15.534133988817077,0.4289578083240921,,,3.348804784316229,
XKX,2015,Kosovo,-8.694425688884605,15.429475465850995,-0.5369293927406592,,,5.916231283452106,
XKX,2016,Kosovo,-7.934425479469612,14.75154966445639,0.2731694310454681,,,5.571775047316322,
XKX,2017,Kosovo,-5.263478621807854,15.486898430232896,1.488234305923193,,,4.825655652980544,
XKX,2018,Kosovo,-7.621733387413224,15.684289116889987,1.053797736549915,,,3.406632270562852,
XKX,2019,Kosovo,-5.661363582066692,15.810527040664288,2.675992026398933,,,4.75680057007834,
XKX,2020,Kosovo,-7.011743661674425,18.609057657274334,0.1982279229948544,,,-5.34027547826166,
XKX,2021,Kosovo,-8.693456023476436,18.006969955421948,3.353691392079971,,,10.745656081958302,
XKX,2022,Kosovo,-9.423873683887592,17.240729008067955,11.58051045420125,,,4.278498958275435,
XKX,2023,Kosovo,-7.184956843965715,17.506567392604936,4.944324387912826,,,4.067627014364376,
